"time_date","temperature","weather_con","comfort_feelslike","humidity","forecast","wind","humidity.1","location","visibility","pressure","dew_point"
2021-11-11 19:00:02,"25 °C","Drizzle. Fog.","Feels Like: 26 °CForecast: 28 / 24 °CWind: 26 km/h <U+2191> from Southeast","94%","Forecast: 28 / 24 °C","Feels Like: 26 °CForecast: 28 / 24 °CWind: 26 km/h <U+2191> from Southeast","94%","Madras / Minambakkam","3 km","999 mbar","24 °C"
2021-11-11 19:01:01, "25 °C", "Drizzle. Fog.", "Feels Like: 26 °CForecast: 28 / 24 °CWind: 26 km/h <U+2191> from Southeast", "94%", "Forecast: 28 / 24 °C", "Feels Like: 26 °CForecast: 28 / 24 °CWind: 26 km/h <U+2191> from Southeast", "94%", "Madras / Minambakkam", "3 km", "999 mbar", "24 °C"
2021-11-11 20:01:01, "25 °C", "Fog.", "Feels Like: 26 °CForecast: 28 / 24 °CWind: 20 km/h <U+2191> from Southeast", "89%", "Forecast: 28 / 24 °C", "Feels Like: 26 °CForecast: 28 / 24 °CWind: 20 km/h <U+2191> from Southeast", "89%", "Madras / Minambakkam", "5 km", "1002 mbar", "23 °C"
2021-11-11 21:01:01, "25 °C", "Light rain. Mostly cloudy.", "Feels Like: 26 °CForecast: 28 / 24 °CWind: 19 km/h <U+2191> from Southeast", "94%", "Forecast: 28 / 24 °C", "Feels Like: 26 °CForecast: 28 / 24 °CWind: 19 km/h <U+2191> from Southeast", "94%", "Madras / Minambakkam", "4 km", "1003 mbar", "24 °C"
2021-11-11 22:01:01, "25 °C", "Drizzle. Mostly cloudy.", "Feels Like: 26 °CForecast: 28 / 24 °CWind: 7 km/h <U+2191> from South", "94%", "Forecast: 28 / 24 °C", "Feels Like: 26 °CForecast: 28 / 24 °CWind: 7 km/h <U+2191> from South", "94%", "Madras / Minambakkam", "4 km", "1005 mbar", "24 °C"
2021-11-11 23:01:09, "25 °C", "Drizzle. Mostly cloudy.", "Feels Like: 26 °CForecast: 27 / 24 °CWind: No wind", "94%", "Forecast: 27 / 24 °C", "Feels Like: 26 °CForecast: 27 / 24 °CWind: No wind", "94%", "Madras / Minambakkam", "4 km", "1005 mbar", "24 °C"
2021-11-12 00:01:10, "25 °C", "Fog.", "Feels Like: 26 °CForecast: 27 / 24 °CWind: No wind", "94%", "Forecast: 27 / 24 °C", "Feels Like: 26 °CForecast: 27 / 24 °CWind: No wind", "94%", "Madras / Minambakkam", "4 km", "1004 mbar", "24 °C"
2021-11-12 10:01:02, "27 °C", "Fog.", "Feels Like: 31 °CForecast: 29 / 24 °CWind: 4 km/h <U+2191> from North", "89%", "Forecast: 29 / 24 °C", "Feels Like: 31 °CForecast: 29 / 24 °CWind: 4 km/h <U+2191> from North", "89%", "Madras / Minambakkam", "3 km", "1007 mbar", "25 °C"
2021-11-12 11:01:02, "29 °C", "Fog.", "Feels Like: 35 °CForecast: 29 / 24 °CWind: 4 km/h <U+2191> from North", "79%", "Forecast: 29 / 24 °C", "Feels Like: 35 °CForecast: 29 / 24 °CWind: 4 km/h <U+2191> from North", "79%", "Madras / Minambakkam", "3 km", "1007 mbar", "25 °C"
2021-11-12 12:01:01, "29 °C", "Fog.", "Feels Like: 34 °CForecast: 29 / 24 °CWind: 9 km/h <U+2191> from South", "74%", "Forecast: 29 / 24 °C", "Feels Like: 34 °CForecast: 29 / 24 °CWind: 9 km/h <U+2191> from South", "74%", "Madras / Minambakkam", "4 km", "1006 mbar", "24 °C"
2021-11-12 13:01:01, "30 °C", "Broken clouds.", "Feels Like: 35 °CForecast: 29 / 24 °CWind: 7 km/h <U+2191> from South", "70%", "Forecast: 29 / 24 °C", "Feels Like: 35 °CForecast: 29 / 24 °CWind: 7 km/h <U+2191> from South", "70%", "Madras / Minambakkam", "5 km", "1005 mbar", "24 °C"
2021-11-12 14:01:01, "31 °C", "Scattered clouds.", "Feels Like: 38 °CForecast: 29 / 24 °CWind: 13 km/h <U+2191> from Southeast", "70%", "Forecast: 29 / 24 °C", "Feels Like: 38 °CForecast: 29 / 24 °CWind: 13 km/h <U+2191> from Southeast", "70%", "Madras / Minambakkam", "6 km", "1004 mbar", "25 °C"
2021-11-12 15:01:02, "30 °C", "Scattered clouds.", "Feels Like: 35 °CForecast: 29 / 24 °CWind: 13 km/h <U+2191> from Southeast", "70%", "Forecast: 29 / 24 °C", "Feels Like: 35 °CForecast: 29 / 24 °CWind: 13 km/h <U+2191> from Southeast", "70%", "Madras / Minambakkam", "6 km", "1003 mbar", "24 °C"
2021-11-12 16:01:02, "30 °C", "Scattered clouds.", "Feels Like: 35 °CForecast: 29 / 24 °CWind: 17 km/h <U+2191> from Southeast", "70%", "Forecast: 29 / 24 °C", "Feels Like: 35 °CForecast: 29 / 24 °CWind: 17 km/h <U+2191> from Southeast", "70%", "Madras / Minambakkam", "6 km", "1004 mbar", "24 °C"
2021-11-12 17:01:03, "29 °C", "Scattered clouds.", "Feels Like: 34 °CForecast: 29 / 25 °CWind: 17 km/h <U+2191> from South", "74%", "Forecast: 29 / 25 °C", "Feels Like: 34 °CForecast: 29 / 25 °CWind: 17 km/h <U+2191> from South", "74%", "Madras / Minambakkam", "6 km", "1004 mbar", "24 °C"
2021-11-12 18:01:03, "28 °C", "Scattered clouds.", "Feels Like: 32 °CForecast: 29 / 25 °CWind: 15 km/h <U+2191> from South", "79%", "Forecast: 29 / 25 °C", "Feels Like: 32 °CForecast: 29 / 25 °CWind: 15 km/h <U+2191> from South", "79%", "Madras / Minambakkam", "6 km", "1005 mbar", "24 °C"
2021-11-12 19:01:03, "28 °C", "Fog.", "Feels Like: 32 °CForecast: 29 / 25 °CWind: 13 km/h <U+2191> from South", "79%", "Forecast: 29 / 25 °C", "Feels Like: 32 °CForecast: 29 / 25 °CWind: 13 km/h <U+2191> from South", "79%", "Madras / Minambakkam", "5 km", "1006 mbar", "24 °C"
2021-11-12 20:01:02, "28 °C", "Fog.", "Feels Like: 32 °CForecast: 29 / 25 °CWind: 7 km/h <U+2191> from South", "79%", "Forecast: 29 / 25 °C", "Feels Like: 32 °CForecast: 29 / 25 °CWind: 7 km/h <U+2191> from South", "79%", "Madras / Minambakkam", "5 km", "1007 mbar", "24 °C"
2021-11-12 21:01:01, "27 °C", "Fog.", "Feels Like: 30 °CForecast: 29 / 25 °CWind: 7 km/h <U+2191> from Southeast", "84%", "Forecast: 29 / 25 °C", "Feels Like: 30 °CForecast: 29 / 25 °CWind: 7 km/h <U+2191> from Southeast", "84%", "Madras / Minambakkam", "5 km", "1007 mbar", "24 °C"
2021-11-12 22:01:02, "27 °C", "Fog.", "Feels Like: 30 °CForecast: 29 / 25 °CWind: 6 km/h <U+2191> from South", "84%", "Forecast: 29 / 25 °C", "Feels Like: 30 °CForecast: 29 / 25 °CWind: 6 km/h <U+2191> from South", "84%", "Madras / Minambakkam", "5 km", "1008 mbar", "24 °C"
2021-11-12 23:01:04, "27 °C", "Fog.", "Feels Like: 30 °CForecast: 29 / 26 °CWind: No wind", "84%", "Forecast: 29 / 26 °C", "Feels Like: 30 °CForecast: 29 / 26 °CWind: No wind", "84%", "Madras / Minambakkam", "5 km", "1008 mbar", "24 °C"
2021-11-13 00:01:03, "27 °C", "Fog.", "Feels Like: 30 °CForecast: 29 / 26 °CWind: No wind", "84%", "Forecast: 29 / 26 °C", "Feels Like: 30 °CForecast: 29 / 26 °CWind: No wind", "84%", "Madras / Minambakkam", "4 km", "1007 mbar", "24 °C"
2021-11-13 13:02:05, "30 °C", "Broken clouds.", "Feels Like: 35 °CForecast: 29 / 26 °CWind: 7 km/h <U+2191> from Southwest", "70%", "Forecast: 29 / 26 °C", "Feels Like: 35 °CForecast: 29 / 26 °CWind: 7 km/h <U+2191> from Southwest", "70%", "Madras / Minambakkam", "5 km", "1008 mbar", "24 °C"
2021-11-13 13:19:02, "30 °C", "Broken clouds.", "Feels Like: 35 °CForecast: 29 / 26 °CWind: No wind", "70%", "Forecast: 29 / 26 °C", "Feels Like: 35 °CForecast: 29 / 26 °CWind: No wind", "70%", "Madras / Minambakkam", "5 km", "1007 mbar", "24 °C"
2021-11-13 14:01:02, "30 °C", "Broken clouds.", "Feels Like: 36 °CForecast: 29 / 26 °CWind: 6 km/h <U+2191> from South", "75%", "Forecast: 29 / 26 °C", "Feels Like: 36 °CForecast: 29 / 26 °CWind: 6 km/h <U+2191> from South", "75%", "Madras / Minambakkam", "5 km", "1006 mbar", "25 °C"
2021-11-13 15:01:02, "30 °C", "Broken clouds.", "Feels Like: 36 °CForecast: 29 / 26 °CWind: No wind", "75%", "Forecast: 29 / 26 °C", "Feels Like: 36 °CForecast: 29 / 26 °CWind: No wind", "75%", "Madras / Minambakkam", "5 km", "1005 mbar", "25 °C"
2021-11-13 16:01:02, "30 °C", "Broken clouds.", "Feels Like: 36 °CForecast: 29 / 26 °CWind: 7 km/h <U+2191> from Southeast", "75%", "Forecast: 29 / 26 °C", "Feels Like: 36 °CForecast: 29 / 26 °CWind: 7 km/h <U+2191> from Southeast", "75%", "Madras / Minambakkam", "5 km", "1005 mbar", "25 °C"
2021-11-13 17:01:01, "29 °C", "Fog.", "Feels Like: 35 °CForecast: 29 / 26 °CWind: 9 km/h <U+2191> from Southeast", "79%", "Forecast: 29 / 26 °C", "Feels Like: 35 °CForecast: 29 / 26 °CWind: 9 km/h <U+2191> from Southeast", "79%", "Madras / Minambakkam", "5 km", "1006 mbar", "25 °C"
2021-11-13 18:01:03, "29 °C", "Fog.", "Feels Like: 35 °CForecast: 29 / 26 °CWind: 9 km/h <U+2191> from Southeast", "79%", "Forecast: 29 / 26 °C", "Feels Like: 35 °CForecast: 29 / 26 °CWind: 9 km/h <U+2191> from Southeast", "79%", "Madras / Minambakkam", "5 km", "1006 mbar", "25 °C"
2021-11-13 19:01:01, "28 °C", "Fog.", "Feels Like: 33 °CForecast: 29 / 26 °CWind: 11 km/h <U+2191> from South", "84%", "Forecast: 29 / 26 °C", "Feels Like: 33 °CForecast: 29 / 26 °CWind: 11 km/h <U+2191> from South", "84%", "Madras / Minambakkam", "4 km", "1007 mbar", "25 °C"
2021-11-13 20:01:02, "28 °C", "Fog.", "Feels Like: 33 °CForecast: 29 / 26 °CWind: 9 km/h <U+2191> from South", "84%", "Forecast: 29 / 26 °C", "Feels Like: 33 °CForecast: 29 / 26 °CWind: 9 km/h <U+2191> from South", "84%", "Madras / Minambakkam", "4 km", "1007 mbar", "25 °C"
2021-11-14 12:01:07, "30 °C", "Fog.", "Feels Like: 36 °CForecast: 30 / 26 °CWind: 7 km/h <U+2191> from South", "75%", "Forecast: 30 / 26 °C", "Feels Like: 36 °CForecast: 30 / 26 °CWind: 7 km/h <U+2191> from South", "75%", "Madras / Minambakkam", "5 km", "1008 mbar", "25 °C"
2021-11-14 12:02:00, "30 °C", "Fog.", "Feels Like: 36 °CForecast: 30 / 26 °CWind: 7 km/h <U+2191> from South", "75%", "Forecast: 30 / 26 °C", "Feels Like: 36 °CForecast: 30 / 26 °CWind: 7 km/h <U+2191> from South", "75%", "Madras / Minambakkam", "5 km", "1008 mbar", "25 °C"
2021-11-14 12:35:54, "30 °C", "Scattered clouds.", "Feels Like: 34 °CForecast: 30 / 26 °CWind: 9 km/h <U+2191> from Southeast", "66%", "Forecast: 30 / 26 °C", "Feels Like: 34 °CForecast: 30 / 26 °CWind: 9 km/h <U+2191> from Southeast", "66%", "Madras / Minambakkam", "5 km", "1007 mbar", "23 °C"
2021-11-14 12:36:08, "30 °C", "Scattered clouds.", "Feels Like: 34 °CForecast: 30 / 26 °CWind: 9 km/h <U+2191> from Southeast", "66%", "Forecast: 30 / 26 °C", "Feels Like: 34 °CForecast: 30 / 26 °CWind: 9 km/h <U+2191> from Southeast", "66%", "Madras / Minambakkam", "5 km", "1007 mbar", "23 °C"
2021-11-14 13:01:03, "30 °C", "Scattered clouds.", "Feels Like: 34 °CForecast: 30 / 26 °CWind: 9 km/h <U+2191> from Southeast", "66%", "Forecast: 30 / 26 °C", "Feels Like: 34 °CForecast: 30 / 26 °CWind: 9 km/h <U+2191> from Southeast", "66%", "Madras / Minambakkam", "5 km", "1007 mbar", "23 °C"
2021-11-14 14:01:02, "31 °C", "Scattered clouds.", "Feels Like: 38 °CForecast: 30 / 26 °CWind: 7 km/h <U+2191> from South", "70%", "Forecast: 30 / 26 °C", "Feels Like: 38 °CForecast: 30 / 26 °CWind: 7 km/h <U+2191> from South", "70%", "Madras / Minambakkam", "6 km", "1006 mbar", "25 °C"
2021-11-14 15:01:02, "31 °C", "Scattered clouds.", "Feels Like: 38 °CForecast: 30 / 26 °CWind: 11 km/h <U+2191> from South", "70%", "Forecast: 30 / 26 °C", "Feels Like: 38 °CForecast: 30 / 26 °CWind: 11 km/h <U+2191> from South", "70%", "Madras / Minambakkam", "7 km", "1005 mbar", "25 °C"
2021-11-14 16:01:02, "31 °C", "Scattered clouds.", "Feels Like: 38 °CForecast: 30 / 26 °CWind: 13 km/h <U+2191> from Southeast", "70%", "Forecast: 30 / 26 °C", "Feels Like: 38 °CForecast: 30 / 26 °CWind: 13 km/h <U+2191> from Southeast", "70%", "Madras / Minambakkam", "7 km", "1005 mbar", "25 °C"
2021-11-14 17:01:03, "29 °C", "Scattered clouds.", "Feels Like: 35 °CForecast: 28 / 26 °CWind: 11 km/h <U+2191> from Southeast", "79%", "Forecast: 28 / 26 °C", "Feels Like: 35 °CForecast: 28 / 26 °CWind: 11 km/h <U+2191> from Southeast", "79%", "Madras / Minambakkam", "6 km", "1006 mbar", "25 °C"
2021-11-14 18:01:02, "29 °C", "Fog.", "Feels Like: 35 °CForecast: 28 / 26 °CWind: 7 km/h <U+2191> from Southeast", "79%", "Forecast: 28 / 26 °C", "Feels Like: 35 °CForecast: 28 / 26 °CWind: 7 km/h <U+2191> from Southeast", "79%", "Madras / Minambakkam", "5 km", "1006 mbar", "25 °C"
2021-11-14 19:01:02, "28 °C", "Fog.", "Feels Like: 33 °CForecast: 28 / 26 °CWind: 7 km/h <U+2191> from East", "84%", "Forecast: 28 / 26 °C", "Feels Like: 33 °CForecast: 28 / 26 °CWind: 7 km/h <U+2191> from East", "84%", "Madras / Minambakkam", "5 km", "1006 mbar", "25 °C"
2021-11-14 20:01:02, "28 °C", "Fog.", "Feels Like: 33 °CForecast: 28 / 26 °CWind: 6 km/h <U+2191> from East", "84%", "Forecast: 28 / 26 °C", "Feels Like: 33 °CForecast: 28 / 26 °CWind: 6 km/h <U+2191> from East", "84%", "Madras / Minambakkam", "5 km", "1007 mbar", "25 °C"
2021-11-14 21:01:02, "28 °C", "Fog.", "Feels Like: 33 °CForecast: 28 / 26 °CWind: 6 km/h <U+2191> from Southeast", "84%", "Forecast: 28 / 26 °C", "Feels Like: 33 °CForecast: 28 / 26 °CWind: 6 km/h <U+2191> from Southeast", "84%", "Madras / Minambakkam", "5 km", "1009 mbar", "25 °C"
2021-11-14 22:01:02, "27 °C", "Fog.", "Feels Like: 31 °CForecast: 28 / 26 °CWind: No wind", "94%", "Forecast: 28 / 26 °C", "Feels Like: 31 °CForecast: 28 / 26 °CWind: No wind", "94%", "Madras / Minambakkam", "4 km", "1009 mbar", "26 °C"
2021-11-14 23:01:02, "27 °C", "Fog.", "Feels Like: 31 °CForecast: 28 / 26 °CWind: No wind", "94%", "Forecast: 28 / 26 °C", "Feels Like: 31 °CForecast: 28 / 26 °CWind: No wind", "94%", "Madras / Minambakkam", "4 km", "1009 mbar", "26 °C"
2021-11-15 00:01:02, "27 °C", "Fog.", "Feels Like: 31 °CForecast: 28 / 26 °CWind: No wind", "94%", "Forecast: 28 / 26 °C", "Feels Like: 31 °CForecast: 28 / 26 °CWind: No wind", "94%", "Madras / Minambakkam", "3 km", "1008 mbar", "26 °C"
2021-11-15 11:13:41, "27 °C", "Drizzle. Fog.", "Feels Like: 31 °CForecast: 29 / 26 °CWind: No wind", "94%", "Forecast: 29 / 26 °C", "Feels Like: 31 °CForecast: 29 / 26 °CWind: No wind", "94%", "Madras / Minambakkam", "2 km", "1008 mbar", "26 °C"
2021-11-15 11:14:40, "27 °C", "Drizzle. Fog.", "Feels Like: 31 °CForecast: 29 / 26 °CWind: No wind", "94%", "Forecast: 29 / 26 °C", "Feels Like: 31 °CForecast: 29 / 26 °CWind: No wind", "94%", "Madras / Minambakkam", "2 km", "1008 mbar", "26 °C"
2021-11-15 12:01:03, "28 °C", "Drizzle. Fog.", "Feels Like: 34 °CForecast: 29 / 26 °CWind: No wind", "89%", "Forecast: 29 / 26 °C", "Feels Like: 34 °CForecast: 29 / 26 °CWind: No wind", "89%", "Madras / Minambakkam", "2 km", "1007 mbar", "26 °C"
2021-11-15 13:01:02, "28 °C", "Drizzle. Fog.", "Feels Like: 34 °CForecast: 29 / 26 °CWind: No wind", "89%", "Forecast: 29 / 26 °C", "Feels Like: 34 °CForecast: 29 / 26 °CWind: No wind", "89%", "Madras / Minambakkam", "2 km", "1006 mbar", "26 °C"
2021-11-15 14:01:02, "28 °C", "Drizzle. Fog.", "Feels Like: 33 °CForecast: 29 / 26 °CWind: 4 km/h <U+2191> from North", "84%", "Forecast: 29 / 26 °C", "Feels Like: 33 °CForecast: 29 / 26 °CWind: 4 km/h <U+2191> from North", "84%", "Madras / Minambakkam", "2 km", "1005 mbar", "25 °C"
2021-11-15 15:01:02, "28 °C", "Thunderstorms. Broken clouds.", "Feels Like: 33 °CForecast: 29 / 26 °CWind: 4 km/h <U+2191> from North", "84%", "Forecast: 29 / 26 °C", "Feels Like: 33 °CForecast: 29 / 26 °CWind: 4 km/h <U+2191> from North", "84%", "Madras / Minambakkam", "2 km", "1004 mbar", "25 °C"
2021-11-15 16:01:02, "28 °C", "Thunderstorms. Fog.", "Feels Like: 33 °CForecast: 29 / 26 °CWind: 7 km/h <U+2191> from North", "84%", "Forecast: 29 / 26 °C", "Feels Like: 33 °CForecast: 29 / 26 °CWind: 7 km/h <U+2191> from North", "84%", "Madras / Minambakkam", "2 km", "1003 mbar", "25 °C"
2021-11-15 17:01:04, "28 °C", "Fog.", "Feels Like: 33 °CForecast: 29 / 26 °CWind: 4 km/h <U+2191> from North", "84%", "Forecast: 29 / 26 °C", "Feels Like: 33 °CForecast: 29 / 26 °CWind: 4 km/h <U+2191> from North", "84%", "Madras / Minambakkam", "3 km", "1004 mbar", "25 °C"
2021-11-15 18:01:02, "28 °C", "Fog.", "Feels Like: 33 °CForecast: 29 / 26 °CWind: 4 km/h <U+2191> from North", "84%", "Forecast: 29 / 26 °C", "Feels Like: 33 °CForecast: 29 / 26 °CWind: 4 km/h <U+2191> from North", "84%", "Madras / Minambakkam", "3 km", "1004 mbar", "25 °C"
2021-11-15 19:01:02, "28 °C", "Fog.", "Feels Like: 34 °CForecast: 29 / 26 °CWind: 4 km/h <U+2191> from North", "89%", "Forecast: 29 / 26 °C", "Feels Like: 34 °CForecast: 29 / 26 °CWind: 4 km/h <U+2191> from North", "89%", "Madras / Minambakkam", "3 km", "1004 mbar", "26 °C"
2021-11-15 20:01:02, "28 °C", "Fog.", "Feels Like: 33 °CForecast: 29 / 26 °CWind: 6 km/h <U+2191> from Southeast", "84%", "Forecast: 29 / 26 °C", "Feels Like: 33 °CForecast: 29 / 26 °CWind: 6 km/h <U+2191> from Southeast", "84%", "Madras / Minambakkam", "4 km", "1006 mbar", "25 °C"
2021-11-15 21:01:03, "27 °C", "Fog.", "Feels Like: 31 °CForecast: 29 / 26 °CWind: 4 km/h <U+2191> from North", "89%", "Forecast: 29 / 26 °C", "Feels Like: 31 °CForecast: 29 / 26 °CWind: 4 km/h <U+2191> from North", "89%", "Madras / Minambakkam", "4 km", "1007 mbar", "25 °C"
2021-11-15 22:01:02, "26 °C", "Fog.", "Feels Like: 28 °CForecast: 29 / 26 °CWind: No wind", "100%", "Forecast: 29 / 26 °C", "Feels Like: 28 °CForecast: 29 / 26 °CWind: No wind", "100%", "Madras / Minambakkam", "4 km", "1007 mbar", "26 °C"
2021-11-15 23:01:02, "26 °C", "Fog.", "Feels Like: 28 °CForecast: 29 / 26 °CWind: No wind", "94%", "Forecast: 29 / 26 °C", "Feels Like: 28 °CForecast: 29 / 26 °CWind: No wind", "94%", "Madras / Minambakkam", "4 km", "1007 mbar", "25 °C"
2021-11-16 00:01:01, "26 °C", "Fog.", "Feels Like: 28 °CForecast: 29 / 26 °CWind: No wind", "94%", "Forecast: 29 / 26 °C", "Feels Like: 28 °CForecast: 29 / 26 °CWind: No wind", "94%", "Madras / Minambakkam", "4 km", "1007 mbar", "25 °C"
2021-11-16 01:01:02, "26 °C", "Fog.", "Feels Like: 28 °CForecast: 29 / 26 °CWind: No wind", "94%", "Forecast: 29 / 26 °C", "Feels Like: 28 °CForecast: 29 / 26 °CWind: No wind", "94%", "Madras / Minambakkam", "4 km", "1006 mbar", "25 °C"
2021-11-16 02:01:01, "26 °C", "Fog.", "Feels Like: 28 °CForecast: 29 / 26 °CWind: No wind", "94%", "Forecast: 29 / 26 °C", "Feels Like: 28 °CForecast: 29 / 26 °CWind: No wind", "94%", "Madras / Minambakkam", "3 km", "1006 mbar", "25 °C"
2021-11-16 03:01:01, "26 °C", "Fog.", "Feels Like: 28 °CForecast: 29 / 26 °CWind: No wind", "94%", "Forecast: 29 / 26 °C", "Feels Like: 28 °CForecast: 29 / 26 °CWind: No wind", "94%", "Madras / Minambakkam", "3 km", "1006 mbar", "25 °C"
2021-11-16 04:01:02, "26 °C", "Fog.", "Feels Like: 28 °CForecast: 29 / 26 °CWind: No wind", "94%", "Forecast: 29 / 26 °C", "Feels Like: 28 °CForecast: 29 / 26 °CWind: No wind", "94%", "Madras / Minambakkam", "2 km", "1004 mbar", "25 °C"
2021-11-16 05:01:01, "26 °C", "Fog.", "Feels Like: 28 °CForecast: 30 / 27 °CWind: No wind", "94%", "Forecast: 30 / 27 °C", "Feels Like: 28 °CForecast: 30 / 27 °CWind: No wind", "94%", "Madras / Minambakkam", "1 km", "1005 mbar", "25 °C"
2021-11-16 06:01:01, "26 °C", "Fog.", "Feels Like: 28 °CForecast: 29 / 26 °CWind: No wind", "94%", "Forecast: 29 / 26 °C", "Feels Like: 28 °CForecast: 29 / 26 °CWind: No wind", "94%", "Madras / Minambakkam", "1 km", "1005 mbar", "25 °C"
2021-11-16 07:01:01, "26 °C", "Fog.", "Feels Like: 28 °CForecast: 29 / 26 °CWind: No wind", "94%", "Forecast: 29 / 26 °C", "Feels Like: 28 °CForecast: 29 / 26 °CWind: No wind", "94%", "Madras / Minambakkam", "2 km", "1006 mbar", "25 °C"
2021-11-16 08:01:02, "26 °C", "Fog.", "Feels Like: 28 °CForecast: 29 / 26 °CWind: No wind", "100%", "Forecast: 29 / 26 °C", "Feels Like: 28 °CForecast: 29 / 26 °CWind: No wind", "100%", "Madras / Minambakkam", "2 km", "1007 mbar", "26 °C"
2021-11-16 09:01:03, "28 °C", "Fog.", "Feels Like: 33 °CForecast: 29 / 26 °CWind: No wind", "84%", "Forecast: 29 / 26 °C", "Feels Like: 33 °CForecast: 29 / 26 °CWind: No wind", "84%", "Madras / Minambakkam", "2 km", "1008 mbar", "25 °C"
2021-11-16 10:01:02, "29 °C", "Fog.", "Feels Like: 35 °CForecast: 29 / 26 °CWind: No wind", "79%", "Forecast: 29 / 26 °C", "Feels Like: 35 °CForecast: 29 / 26 °CWind: No wind", "79%", "Madras / Minambakkam", "3 km", "1009 mbar", "25 °C"
2021-11-16 11:01:02, "30 °C", "Scattered clouds.", "Feels Like: 35 °CForecast: 30 / 26 °CWind: 7 km/h <U+2191> from East", "70%", "Forecast: 30 / 26 °C", "Feels Like: 35 °CForecast: 30 / 26 °CWind: 7 km/h <U+2191> from East", "70%", "Madras / Minambakkam", "3 km", "1008 mbar", "24 °C"
2021-11-16 12:01:05, "31 °C", "Scattered clouds.", "Feels Like: 37 °CForecast: 30 / 26 °CWind: 11 km/h <U+2191> from Southeast", "66%", "Forecast: 30 / 26 °C", "Feels Like: 37 °CForecast: 30 / 26 °CWind: 11 km/h <U+2191> from Southeast", "66%", "Madras / Minambakkam", "4 km", "1008 mbar", "24 °C"
2021-11-16 13:01:05, "31 °C", "Scattered clouds.", "Feels Like: 38 °CForecast: 30 / 26 °CWind: 13 km/h <U+2191> from Southeast", "70%", "Forecast: 30 / 26 °C", "Feels Like: 38 °CForecast: 30 / 26 °CWind: 13 km/h <U+2191> from Southeast", "70%", "Madras / Minambakkam", "5 km", "1007 mbar", "25 °C"
2021-11-16 14:01:02, "31 °C", "Scattered clouds.", "Feels Like: 38 °CForecast: 30 / 26 °CWind: 15 km/h <U+2191> from Southeast", "70%", "Forecast: 30 / 26 °C", "Feels Like: 38 °CForecast: 30 / 26 °CWind: 15 km/h <U+2191> from Southeast", "70%", "Madras / Minambakkam", "6 km", "1005 mbar", "25 °C"
2021-11-16 15:10:28, "31 °C", "Scattered clouds.", "Feels Like: 38 °CForecast: 30 / 26 °CWind: 15 km/h <U+2191> from Southeast", "70%", "Forecast: 30 / 26 °C", "Feels Like: 38 °CForecast: 30 / 26 °CWind: 15 km/h <U+2191> from Southeast", "70%", "Madras / Minambakkam", "6 km", "1005 mbar", "25 °C"
2021-11-16 16:01:02, "30 °C", "Scattered clouds.", "Feels Like: 36 °CForecast: 30 / 26 °CWind: 13 km/h <U+2191> from East", "75%", "Forecast: 30 / 26 °C", "Feels Like: 36 °CForecast: 30 / 26 °CWind: 13 km/h <U+2191> from East", "75%", "Madras / Minambakkam", "7 km", "1004 mbar", "25 °C"
2021-11-16 17:01:02, "30 °C", "Scattered clouds.", "Feels Like: 35 °CForecast: 30 / 27 °CWind: 11 km/h <U+2191> from Southeast", "70%", "Forecast: 30 / 27 °C", "Feels Like: 35 °CForecast: 30 / 27 °CWind: 11 km/h <U+2191> from Southeast", "70%", "Madras / Minambakkam", "7 km", "1005 mbar", "24 °C"
2021-11-16 18:01:04, "29 °C", "Scattered clouds.", "Feels Like: 34 °CForecast: 30 / 27 °CWind: 9 km/h <U+2191> from East", "74%", "Forecast: 30 / 27 °C", "Feels Like: 34 °CForecast: 30 / 27 °CWind: 9 km/h <U+2191> from East", "74%", "Madras / Minambakkam", "6 km", "1006 mbar", "24 °C"
2021-11-16 19:01:03, "29 °C", "Scattered clouds.", "Feels Like: 34 °CForecast: 30 / 27 °CWind: 9 km/h <U+2191> from East", "74%", "Forecast: 30 / 27 °C", "Feels Like: 34 °CForecast: 30 / 27 °CWind: 9 km/h <U+2191> from East", "74%", "Madras / Minambakkam", "6 km", "1006 mbar", "24 °C"
2021-11-16 20:01:06, "28 °C", "Passing clouds.", "Feels Like: 33 °CForecast: 30 / 27 °CWind: 9 km/h <U+2191> from East", "84%", "Forecast: 30 / 27 °C", "Feels Like: 33 °CForecast: 30 / 27 °CWind: 9 km/h <U+2191> from East", "84%", "Madras / Minambakkam", "6 km", "1008 mbar", "25 °C"
2021-11-17 09:07:35, "28 °C", "Fog.", "Feels Like: 35 °CForecast: 26 / 25 °CWind: 6 km/h <U+2191> from Northeast", "94%", "Forecast: 26 / 25 °C", "Feels Like: 35 °CForecast: 26 / 25 °CWind: 6 km/h <U+2191> from Northeast", "94%", "Madras / Minambakkam", "3 km", "1010 mbar", "27 °C"
2021-11-17 10:01:03, "30 °C", "Fog.", "Feels Like: 37 °CForecast: 26 / 25 °CWind: 11 km/h <U+2191> from Northeast", "79%", "Forecast: 26 / 25 °C", "Feels Like: 37 °CForecast: 26 / 25 °CWind: 11 km/h <U+2191> from Northeast", "79%", "Madras / Minambakkam", "4 km", "1010 mbar", "26 °C"
2021-11-17 11:01:03, "31 °C", "Fog.", "Feels Like: 39 °CForecast: 27 / 25 °CWind: 13 km/h <U+2191> from Northeast", "75%", "Forecast: 27 / 25 °C", "Feels Like: 39 °CForecast: 27 / 25 °CWind: 13 km/h <U+2191> from Northeast", "75%", "Madras / Minambakkam", "4 km", "1010 mbar", "26 °C"
2021-11-17 12:01:02, "30 °C", "Broken clouds.", "Feels Like: 36 °CForecast: 27 / 25 °CWind: 15 km/h <U+2191> from Northeast", "75%", "Forecast: 27 / 25 °C", "Feels Like: 36 °CForecast: 27 / 25 °CWind: 15 km/h <U+2191> from Northeast", "75%", "Madras / Minambakkam", "4 km", "1010 mbar", "25 °C"
2021-11-17 13:01:03, "30 °C", "Fog.", "Feels Like: 36 °CForecast: 27 / 25 °CWind: 19 km/h <U+2191> from East", "75%", "Forecast: 27 / 25 °C", "Feels Like: 36 °CForecast: 27 / 25 °CWind: 19 km/h <U+2191> from East", "75%", "Madras / Minambakkam", "4 km", "1008 mbar", "25 °C"
2021-11-17 14:01:01, "30 °C", "Fog.", "Feels Like: 37 °CForecast: 27 / 25 °CWind: 15 km/h <U+2191> from East", "79%", "Forecast: 27 / 25 °C", "Feels Like: 37 °CForecast: 27 / 25 °CWind: 15 km/h <U+2191> from East", "79%", "Madras / Minambakkam", "4 km", "1008 mbar", "26 °C"
2021-11-17 15:01:02, "28 °C", "Thunderstorms. More clouds than sun.", "Feels Like: 35 °CForecast: 27 / 25 °CWind: 9 km/h <U+2191> from East", "94%", "Forecast: 27 / 25 °C", "Feels Like: 35 °CForecast: 27 / 25 °CWind: 9 km/h <U+2191> from East", "94%", "Madras / Minambakkam", "2 km", "1007 mbar", "27 °C"
2021-11-17 15:16:02, "28 °C", "Thunderstorms. More clouds than sun.", "Feels Like: 35 °CForecast: 27 / 25 °CWind: 9 km/h <U+2191> from East", "94%", "Forecast: 27 / 25 °C", "Feels Like: 35 °CForecast: 27 / 25 °CWind: 9 km/h <U+2191> from East", "94%", "Madras / Minambakkam", "2 km", "1007 mbar", "27 °C"
2021-11-17 16:01:10, "28 °C", "Thunderstorms. More clouds than sun.", "Feels Like: 35 °CForecast: 27 / 25 °CWind: 7 km/h <U+2191> from Northeast", "94%", "Forecast: 27 / 25 °C", "Feels Like: 35 °CForecast: 27 / 25 °CWind: 7 km/h <U+2191> from Northeast", "94%", "Madras / Minambakkam", "2 km", "1007 mbar", "27 °C"
2021-11-17 17:01:02, "27 °C", "Drizzle. Fog.", "Feels Like: 31 °CForecast: 27 / 25 °CWind: 11 km/h <U+2191> from Northeast", "94%", "Forecast: 27 / 25 °C", "Feels Like: 31 °CForecast: 27 / 25 °CWind: 11 km/h <U+2191> from Northeast", "94%", "Madras / Minambakkam", "3 km", "1006 mbar", "26 °C"
2021-11-17 19:01:03, "27 °C", "Fog.", "Feels Like: 31 °CForecast: 27 / 25 °CWind: 7 km/h <U+2191> from Northeast", "94%", "Forecast: 27 / 25 °C", "Feels Like: 31 °CForecast: 27 / 25 °CWind: 7 km/h <U+2191> from Northeast", "94%", "Madras / Minambakkam", "4 km", "1008 mbar", "26 °C"
2021-11-17 20:01:02, "27 °C", "Fog.", "Feels Like: 31 °CForecast: 27 / 25 °CWind: 4 km/h <U+2191> from North", "94%", "Forecast: 27 / 25 °C", "Feels Like: 31 °CForecast: 27 / 25 °CWind: 4 km/h <U+2191> from North", "94%", "Madras / Minambakkam", "4 km", "1009 mbar", "26 °C"
2021-11-17 21:01:02, "27 °C", "Fog.", "Feels Like: 31 °CForecast: 27 / 25 °CWind: 4 km/h <U+2191> from North", "94%", "Forecast: 27 / 25 °C", "Feels Like: 31 °CForecast: 27 / 25 °CWind: 4 km/h <U+2191> from North", "94%", "Madras / Minambakkam", "4 km", "1009 mbar", "26 °C"
2021-11-17 22:01:02, "25 °C", "Thunderstorms. Fog.", "Feels Like: 26 °CForecast: 27 / 25 °CWind: No wind", "94%", "Forecast: 27 / 25 °C", "Feels Like: 26 °CForecast: 27 / 25 °CWind: No wind", "94%", "Madras / Minambakkam", "3 km", "1009 mbar", "24 °C"
2021-11-17 23:01:04, "26 °C", "Partly cloudy.", "Feels Like: 28 °CForecast: 26 / 25 °CWind: 4 km/h <U+2191> from North", "94%", "Forecast: 26 / 25 °C", "Feels Like: 28 °CForecast: 26 / 25 °CWind: 4 km/h <U+2191> from North", "94%", "Madras / Minambakkam", "4 km", "1009 mbar", "25 °C"
2021-11-18 00:01:08, "26 °C", "Fog.", "Feels Like: 28 °CForecast: 26 / 25 °CWind: 4 km/h <U+2191> from North", "94%", "Forecast: 26 / 25 °C", "Feels Like: 28 °CForecast: 26 / 25 °CWind: 4 km/h <U+2191> from North", "94%", "Madras / Minambakkam", "4 km", "1009 mbar", "25 °C"
2021-11-18 01:01:03, "25 °C", "Fog.", "Feels Like: 25 °CForecast: 26 / 25 °CWind: 6 km/h <U+2191> from Northwest", "100%", "Forecast: 26 / 25 °C", "Feels Like: 25 °CForecast: 26 / 25 °CWind: 6 km/h <U+2191> from Northwest", "100%", "Madras / Minambakkam", "5 km", "1008 mbar", "25 °C"
2021-11-18 02:01:04, "26 °C", "Fog.", "Feels Like: 28 °CForecast: 26 / 25 °CWind: 4 km/h <U+2191> from North", "94%", "Forecast: 26 / 25 °C", "Feels Like: 28 °CForecast: 26 / 25 °CWind: 4 km/h <U+2191> from North", "94%", "Madras / Minambakkam", "5 km", "1008 mbar", "25 °C"
2021-11-18 08:06:23, "26 °C", "Drizzle. More clouds than sun.", "Feels Like: 28 °CForecast: 27 / 25 °CWind: 9 km/h <U+2191> from North", "94%", "Forecast: 27 / 25 °C", "Feels Like: 28 °CForecast: 27 / 25 °CWind: 9 km/h <U+2191> from North", "94%", "Madras / Minambakkam", "3 km", "1005 mbar", "25 °C"
2021-11-18 09:01:04, "26 °C", "Drizzle. More clouds than sun.", "Feels Like: 28 °CForecast: 27 / 25 °CWind: 15 km/h <U+2191> from North", "94%", "Forecast: 27 / 25 °C", "Feels Like: 28 °CForecast: 27 / 25 °CWind: 15 km/h <U+2191> from North", "94%", "Madras / Minambakkam", "2 km", "1006 mbar", "25 °C"
2021-11-18 10:01:01, "27 °C", "Drizzle. Fog.", "Feels Like: 31 °CForecast: 27 / 25 °CWind: 19 km/h <U+2191> from Northeast", "94%", "Forecast: 27 / 25 °C", "Feels Like: 31 °CForecast: 27 / 25 °CWind: 19 km/h <U+2191> from Northeast", "94%", "Madras / Minambakkam", "2 km", "1005 mbar", "26 °C"
2021-11-18 11:01:03, "27 °C", "Drizzle. Fog.", "Feels Like: 31 °CForecast: 27 / 26 °CWind: 19 km/h <U+2191> from Northeast", "94%", "Forecast: 27 / 26 °C", "Feels Like: 31 °CForecast: 27 / 26 °CWind: 19 km/h <U+2191> from Northeast", "94%", "Madras / Minambakkam", "2 km", "1005 mbar", "26 °C"
2021-11-18 12:01:02, "27 °C", "Light rain. More clouds than sun.", "Feels Like: 31 °CForecast: 27 / 26 °CWind: 19 km/h <U+2191> from Northeast", "94%", "Forecast: 27 / 26 °C", "Feels Like: 31 °CForecast: 27 / 26 °CWind: 19 km/h <U+2191> from Northeast", "94%", "Madras / Minambakkam", "2 km", "1005 mbar", "26 °C"
2021-11-18 13:01:07, "27 °C", "Rain. More clouds than sun.", "Feels Like: 31 °CForecast: 27 / 26 °CWind: 19 km/h <U+2191> from Northeast", "94%", "Forecast: 27 / 26 °C", "Feels Like: 31 °CForecast: 27 / 26 °CWind: 19 km/h <U+2191> from Northeast", "94%", "Madras / Minambakkam", "2 km", "1003 mbar", "26 °C"
2021-11-18 14:01:03, "27 °C", "Drizzle. More clouds than sun.", "Feels Like: 31 °CForecast: 27 / 26 °CWind: 15 km/h <U+2191> from Northeast", "94%", "Forecast: 27 / 26 °C", "Feels Like: 31 °CForecast: 27 / 26 °CWind: 15 km/h <U+2191> from Northeast", "94%", "Madras / Minambakkam", "2 km", "1003 mbar", "26 °C"
2021-11-18 15:01:04, "27 °C", "Drizzle. More clouds than sun.", "Feels Like: 31 °CForecast: 27 / 26 °CWind: 15 km/h <U+2191> from East", "94%", "Forecast: 27 / 26 °C", "Feels Like: 31 °CForecast: 27 / 26 °CWind: 15 km/h <U+2191> from East", "94%", "Madras / Minambakkam", "2 km", "1002 mbar", "26 °C"
2021-11-18 16:01:03, "27 °C", "Rain. More clouds than sun.", "Feels Like: 31 °CForecast: 27 / 26 °CWind: 19 km/h <U+2191> from Northeast", "94%", "Forecast: 27 / 26 °C", "Feels Like: 31 °CForecast: 27 / 26 °CWind: 19 km/h <U+2191> from Northeast", "94%", "Madras / Minambakkam", "2 km", "1001 mbar", "26 °C"
2021-11-18 17:01:08, "28 °C", "Rain. More clouds than sun.", "Feels Like: 34 °CForecast: 27 / 25 °CWind: 19 km/h <U+2191> from East", "89%", "Forecast: 27 / 25 °C", "Feels Like: 34 °CForecast: 27 / 25 °CWind: 19 km/h <U+2191> from East", "89%", "Madras / Minambakkam", "1 km", "1001 mbar", "26 °C"
2021-11-18 18:01:02, "28 °C", "Rain. More clouds than sun.", "Feels Like: 35 °CForecast: 27 / 25 °CWind: 19 km/h <U+2191> from East", "94%", "Forecast: 27 / 25 °C", "Feels Like: 35 °CForecast: 27 / 25 °CWind: 19 km/h <U+2191> from East", "94%", "Madras / Minambakkam", "2 km", "1001 mbar", "27 °C"
2021-11-18 19:01:04, "28 °C", "Drizzle. Mostly cloudy.", "Feels Like: 34 °CForecast: 27 / 25 °CWind: 19 km/h <U+2191> from East", "89%", "Forecast: 27 / 25 °C", "Feels Like: 34 °CForecast: 27 / 25 °CWind: 19 km/h <U+2191> from East", "89%", "Madras / Minambakkam", "2 km", "1002 mbar", "26 °C"
2021-11-18 20:01:02, "28 °C", "Drizzle. Mostly cloudy.", "Feels Like: 34 °CForecast: 27 / 25 °CWind: 13 km/h <U+2191> from East", "89%", "Forecast: 27 / 25 °C", "Feels Like: 34 °CForecast: 27 / 25 °CWind: 13 km/h <U+2191> from East", "89%", "Madras / Minambakkam", "3 km", "1002 mbar", "26 °C"
2021-11-18 21:01:02, "28 °C", "Drizzle. Mostly cloudy.", "Feels Like: 34 °CForecast: 27 / 25 °CWind: 22 km/h <U+2191> from Northeast", "89%", "Forecast: 27 / 25 °C", "Feels Like: 34 °CForecast: 27 / 25 °CWind: 22 km/h <U+2191> from Northeast", "89%", "Madras / Minambakkam", "3 km", "1003 mbar", "26 °C"
2021-11-18 22:01:05, "28 °C", "Drizzle. Mostly cloudy.", "Feels Like: 34 °CForecast: 27 / 25 °CWind: 22 km/h <U+2191> from East", "89%", "Forecast: 27 / 25 °C", "Feels Like: 34 °CForecast: 27 / 25 °CWind: 22 km/h <U+2191> from East", "89%", "Madras / Minambakkam", "3 km", "1004 mbar", "26 °C"
2021-11-18 23:01:09, "28 °C", "Partly cloudy.", "Feels Like: 34 °CForecast: 28 / 26 °CWind: 22 km/h <U+2191> from East", "89%", "Forecast: 28 / 26 °C", "Feels Like: 34 °CForecast: 28 / 26 °CWind: 22 km/h <U+2191> from East", "89%", "Madras / Minambakkam", "3 km", "1003 mbar", "26 °C"
2021-11-19 00:01:04, "28 °C", "Partly cloudy.", "Feels Like: 34 °CForecast: 28 / 26 °CWind: 19 km/h <U+2191> from East", "89%", "Forecast: 28 / 26 °C", "Feels Like: 34 °CForecast: 28 / 26 °CWind: 19 km/h <U+2191> from East", "89%", "Madras / Minambakkam", "3 km", "1003 mbar", "26 °C"
2021-11-19 11:36:34, "26 °C", "Heavy rain. More clouds than sun.", "Feels Like: 28 °CForecast: 30 / 26 °CWind: 19 km/h <U+2191> from South", "89%", "Forecast: 30 / 26 °C", "Feels Like: 28 °CForecast: 30 / 26 °CWind: 19 km/h <U+2191> from South", "89%", "Madras / Minambakkam", "1 km", "1004 mbar", "24 °C"
2021-11-19 12:01:04, "26 °C", "Rain. More clouds than sun.", "Feels Like: 28 °CForecast: 30 / 26 °CWind: 19 km/h <U+2191> from South", "89%", "Forecast: 30 / 26 °C", "Feels Like: 28 °CForecast: 30 / 26 °CWind: 19 km/h <U+2191> from South", "89%", "Madras / Minambakkam", "2 km", "1003 mbar", "24 °C"
2021-11-19 13:01:03, "26 °C", "Drizzle. More clouds than sun.", "Feels Like: 28 °CForecast: 30 / 26 °CWind: 15 km/h <U+2191> from South", "94%", "Forecast: 30 / 26 °C", "Feels Like: 28 °CForecast: 30 / 26 °CWind: 15 km/h <U+2191> from South", "94%", "Madras / Minambakkam", "3 km", "1002 mbar", "25 °C"
2021-11-19 14:01:03, "26 °C", "Rain. More clouds than sun.", "Feels Like: 28 °CForecast: 30 / 26 °CWind: 11 km/h <U+2191> from South", "94%", "Forecast: 30 / 26 °C", "Feels Like: 28 °CForecast: 30 / 26 °CWind: 11 km/h <U+2191> from South", "94%", "Madras / Minambakkam", "2 km", "1002 mbar", "25 °C"
2021-11-19 15:01:01, "26 °C", "Rain. More clouds than sun.", "Feels Like: 28 °CForecast: 30 / 26 °CWind: 13 km/h <U+2191> from South", "89%", "Forecast: 30 / 26 °C", "Feels Like: 28 °CForecast: 30 / 26 °CWind: 13 km/h <U+2191> from South", "89%", "Madras / Minambakkam", "2 km", "1001 mbar", "24 °C"
2021-11-19 17:01:01, "27 °C", "Drizzle. Fog.", "Feels Like: 31 °CForecast: 30 / 26 °CWind: 7 km/h <U+2191> from Southeast", "89%", "Forecast: 30 / 26 °C", "Feels Like: 31 °CForecast: 30 / 26 °CWind: 7 km/h <U+2191> from Southeast", "89%", "Madras / Minambakkam", "2 km", "1001 mbar", "25 °C"
2021-11-19 18:01:01, "27 °C", "Fog.", "Feels Like: 31 °CForecast: 30 / 26 °CWind: 7 km/h <U+2191> from South", "89%", "Forecast: 30 / 26 °C", "Feels Like: 31 °CForecast: 30 / 26 °CWind: 7 km/h <U+2191> from South", "89%", "Madras / Minambakkam", "3 km", "1001 mbar", "25 °C"
2021-11-19 19:01:02, "27 °C", "Fog.", "Feels Like: 31 °CForecast: 30 / 26 °CWind: 11 km/h <U+2191> from South", "89%", "Forecast: 30 / 26 °C", "Feels Like: 31 °CForecast: 30 / 26 °CWind: 11 km/h <U+2191> from South", "89%", "Madras / Minambakkam", "4 km", "1002 mbar", "25 °C"
2021-11-19 20:01:03, "27 °C", "Fog.", "Feels Like: 31 °CForecast: 30 / 26 °CWind: 7 km/h <U+2191> from South", "89%", "Forecast: 30 / 26 °C", "Feels Like: 31 °CForecast: 30 / 26 °CWind: 7 km/h <U+2191> from South", "89%", "Madras / Minambakkam", "4 km", "1003 mbar", "25 °C"
2021-11-19 21:01:01, "28 °C", "Fog.", "Feels Like: 33 °CForecast: 30 / 26 °CWind: 6 km/h <U+2191> from South", "84%", "Forecast: 30 / 26 °C", "Feels Like: 33 °CForecast: 30 / 26 °CWind: 6 km/h <U+2191> from South", "84%", "Madras / Minambakkam", "3 km", "1004 mbar", "25 °C"
2021-11-19 22:01:01, "28 °C", "Fog.", "Feels Like: 34 °CForecast: 30 / 26 °CWind: 11 km/h <U+2191> from South", "89%", "Forecast: 30 / 26 °C", "Feels Like: 34 °CForecast: 30 / 26 °CWind: 11 km/h <U+2191> from South", "89%", "Madras / Minambakkam", "3 km", "1005 mbar", "26 °C"
2021-11-19 23:01:01, "28 °C", "Fog.", "Feels Like: 34 °CForecast: 31 / 27 °CWind: 9 km/h <U+2191> from South", "89%", "Forecast: 31 / 27 °C", "Feels Like: 34 °CForecast: 31 / 27 °CWind: 9 km/h <U+2191> from South", "89%", "Madras / Minambakkam", "3 km", "1005 mbar", "26 °C"
2021-11-20 00:01:01, "27 °C", "Fog.", "Feels Like: 30 °CForecast: 31 / 27 °CWind: 19 km/h <U+2191> from Southwest", "84%", "Forecast: 31 / 27 °C", "Feels Like: 30 °CForecast: 31 / 27 °CWind: 19 km/h <U+2191> from Southwest", "84%", "Madras / Minambakkam", "3 km", "1005 mbar", "24 °C"
2021-11-20 09:31:53, "26 °C", "Drizzle. More clouds than sun.", "Feels Like: 28 °CForecast: 31 / 27 °CWind: 6 km/h <U+2191> from South", "94%", "Forecast: 31 / 27 °C", "Feels Like: 28 °CForecast: 31 / 27 °CWind: 6 km/h <U+2191> from South", "94%", "Madras / Minambakkam", "2 km", "1007 mbar", "25 °C"
2021-11-20 10:01:02, "26 °C", "Rain. More clouds than sun.", "Feels Like: 28 °CForecast: 31 / 27 °CWind: 13 km/h <U+2191> from Southeast", "94%", "Forecast: 31 / 27 °C", "Feels Like: 28 °CForecast: 31 / 27 °CWind: 13 km/h <U+2191> from Southeast", "94%", "Madras / Minambakkam", "1 km", "1007 mbar", "25 °C"
2021-11-20 11:01:01, "28 °C", "Drizzle. Broken clouds.", "Feels Like: 34 °CForecast: 31 / 27 °CWind: 7 km/h <U+2191> from South", "89%", "Forecast: 31 / 27 °C", "Feels Like: 34 °CForecast: 31 / 27 °CWind: 7 km/h <U+2191> from South", "89%", "Madras / Minambakkam", "3 km", "1007 mbar", "26 °C"
2021-11-20 12:01:01, "29 °C", "Fog.", "Feels Like: 35 °CForecast: 31 / 27 °CWind: 11 km/h <U+2191> from South", "79%", "Forecast: 31 / 27 °C", "Feels Like: 35 °CForecast: 31 / 27 °CWind: 11 km/h <U+2191> from South", "79%", "Madras / Minambakkam", "3 km", "1007 mbar", "25 °C"
2021-11-20 13:01:01, "28 °C", "Fog.", "Feels Like: 34 °CForecast: 31 / 27 °CWind: 6 km/h <U+2191> from South", "89%", "Forecast: 31 / 27 °C", "Feels Like: 34 °CForecast: 31 / 27 °CWind: 6 km/h <U+2191> from South", "89%", "Madras / Minambakkam", "3 km", "1005 mbar", "26 °C"
2021-11-20 14:01:01, "28 °C", "Fog.", "Feels Like: 34 °CForecast: 31 / 27 °CWind: 9 km/h <U+2191> from Southeast", "89%", "Forecast: 31 / 27 °C", "Feels Like: 34 °CForecast: 31 / 27 °CWind: 9 km/h <U+2191> from Southeast", "89%", "Madras / Minambakkam", "3 km", "1005 mbar", "26 °C"
2021-11-20 15:01:01, "28 °C", "Fog.", "Feels Like: 33 °CForecast: 31 / 27 °CWind: 11 km/h <U+2191> from Southeast", "84%", "Forecast: 31 / 27 °C", "Feels Like: 33 °CForecast: 31 / 27 °CWind: 11 km/h <U+2191> from Southeast", "84%", "Madras / Minambakkam", "3 km", "1004 mbar", "25 °C"
2021-11-20 16:01:02, "28 °C", "Fog.", "Feels Like: 33 °CForecast: 31 / 27 °CWind: 9 km/h <U+2191> from Southeast", "84%", "Forecast: 31 / 27 °C", "Feels Like: 33 °CForecast: 31 / 27 °CWind: 9 km/h <U+2191> from Southeast", "84%", "Madras / Minambakkam", "3 km", "1004 mbar", "25 °C"
2021-11-20 17:01:02, "28 °C", "Fog.", "Feels Like: 33 °CForecast: 30 / 27 °CWind: 13 km/h <U+2191> from Southeast", "84%", "Forecast: 30 / 27 °C", "Feels Like: 33 °CForecast: 30 / 27 °CWind: 13 km/h <U+2191> from Southeast", "84%", "Madras / Minambakkam", "4 km", "1004 mbar", "25 °C"
2021-11-20 18:01:02, "28 °C", "Fog.", "Feels Like: 33 °CForecast: 30 / 27 °CWind: 11 km/h <U+2191> from Southeast", "84%", "Forecast: 30 / 27 °C", "Feels Like: 33 °CForecast: 30 / 27 °CWind: 11 km/h <U+2191> from Southeast", "84%", "Madras / Minambakkam", "5 km", "1005 mbar", "25 °C"
2021-11-20 19:01:01, "28 °C", "Fog.", "Feels Like: 33 °CForecast: 30 / 27 °CWind: 9 km/h <U+2191> from Southeast", "84%", "Forecast: 30 / 27 °C", "Feels Like: 33 °CForecast: 30 / 27 °CWind: 9 km/h <U+2191> from Southeast", "84%", "Madras / Minambakkam", "5 km", "1006 mbar", "25 °C"
2021-11-20 20:01:01, "27 °C", "Fog.", "Feels Like: 31 °CForecast: 30 / 27 °CWind: 7 km/h <U+2191> from Southeast", "89%", "Forecast: 30 / 27 °C", "Feels Like: 31 °CForecast: 30 / 27 °CWind: 7 km/h <U+2191> from Southeast", "89%", "Madras / Minambakkam", "5 km", "1006 mbar", "25 °C"
2021-11-20 21:04:52, "28 °C", "Fog.", "Feels Like: 33 °CForecast: 30 / 27 °CWind: 11 km/h <U+2191> from Southeast", "84%", "Forecast: 30 / 27 °C", "Feels Like: 33 °CForecast: 30 / 27 °CWind: 11 km/h <U+2191> from Southeast", "84%", "Madras / Minambakkam", "5 km", "1008 mbar", "25 °C"
2021-11-20 21:07:06, "28 °C", "Fog.", "Feels Like: 33 °CForecast: 30 / 27 °CWind: 11 km/h <U+2191> from Southeast", "84%", "Forecast: 30 / 27 °C", "Feels Like: 33 °CForecast: 30 / 27 °CWind: 11 km/h <U+2191> from Southeast", "84%", "Madras / Minambakkam", "5 km", "1008 mbar", "25 °C"
2021-11-20 22:01:03, "28 °C", "Fog.", "Feels Like: 33 °CForecast: 30 / 27 °CWind: 11 km/h <U+2191> from Southeast", "84%", "Forecast: 30 / 27 °C", "Feels Like: 33 °CForecast: 30 / 27 °CWind: 11 km/h <U+2191> from Southeast", "84%", "Madras / Minambakkam", "5 km", "1008 mbar", "25 °C"
2021-11-20 23:01:01, "27 °C", "Fog.", "Feels Like: 31 °CForecast: 30 / 26 °CWind: No wind", "89%", "Forecast: 30 / 26 °C", "Feels Like: 31 °CForecast: 30 / 26 °CWind: No wind", "89%", "Madras / Minambakkam", "4 km", "1008 mbar", "25 °C"
2021-11-21 12:25:02, "32 °C", "Scattered clouds.", "Feels Like: 39 °CForecast: 30 / 26 °CWind: 6 km/h <U+2191> from East", "67%", "Forecast: 30 / 26 °C", "Feels Like: 39 °CForecast: 30 / 26 °CWind: 6 km/h <U+2191> from East", "67%", "Madras / Minambakkam", "5 km", "1009 mbar", "25 °C"
2021-11-21 13:01:03, "31 °C", "Scattered clouds.", "Feels Like: 38 °CForecast: 30 / 26 °CWind: 7 km/h <U+2191> from Southeast", "70%", "Forecast: 30 / 26 °C", "Feels Like: 38 °CForecast: 30 / 26 °CWind: 7 km/h <U+2191> from Southeast", "70%", "Madras / Minambakkam", "5 km", "1008 mbar", "25 °C"
2021-11-21 14:01:03, "31 °C", "Scattered clouds.", "Feels Like: 38 °CForecast: 30 / 26 °CWind: 11 km/h <U+2191> from Southeast", "70%", "Forecast: 30 / 26 °C", "Feels Like: 38 °CForecast: 30 / 26 °CWind: 11 km/h <U+2191> from Southeast", "70%", "Madras / Minambakkam", "4 km", "1007 mbar", "25 °C"
2021-11-21 15:01:06, "31 °C", "Fog.", "Feels Like: 38 °CForecast: 30 / 26 °CWind: 11 km/h <U+2191> from Southeast", "70%", "Forecast: 30 / 26 °C", "Feels Like: 38 °CForecast: 30 / 26 °CWind: 11 km/h <U+2191> from Southeast", "70%", "Madras / Minambakkam", "4 km", "1007 mbar", "25 °C"
2021-11-21 16:01:01, "30 °C", "Scattered clouds.", "Feels Like: 36 °CForecast: 30 / 26 °CWind: 9 km/h <U+2191> from Southeast", "75%", "Forecast: 30 / 26 °C", "Feels Like: 36 °CForecast: 30 / 26 °CWind: 9 km/h <U+2191> from Southeast", "75%", "Madras / Minambakkam", "4 km", "1007 mbar", "25 °C"
2021-11-21 17:01:01, "30 °C", "Scattered clouds.", "Feels Like: 36 °CForecast: 30 / 26 °CWind: 11 km/h <U+2191> from Southeast", "75%", "Forecast: 30 / 26 °C", "Feels Like: 36 °CForecast: 30 / 26 °CWind: 11 km/h <U+2191> from Southeast", "75%", "Madras / Minambakkam", "4 km", "1007 mbar", "25 °C"
2021-11-21 18:01:02, "29 °C", "Fog.", "Feels Like: 35 °CForecast: 30 / 26 °CWind: 11 km/h <U+2191> from Southeast", "79%", "Forecast: 30 / 26 °C", "Feels Like: 35 °CForecast: 30 / 26 °CWind: 11 km/h <U+2191> from Southeast", "79%", "Madras / Minambakkam", "4 km", "1008 mbar", "25 °C"
2021-11-21 19:01:01, "28 °C", "Fog.", "Feels Like: 33 °CForecast: 30 / 26 °CWind: No wind", "84%", "Forecast: 30 / 26 °C", "Feels Like: 33 °CForecast: 30 / 26 °CWind: No wind", "84%", "Madras / Minambakkam", "5 km", "1008 mbar", "25 °C"
2021-11-21 20:01:01, "28 °C", "Fog.", "Feels Like: 33 °CForecast: 30 / 26 °CWind: 6 km/h <U+2191> from East", "84%", "Forecast: 30 / 26 °C", "Feels Like: 33 °CForecast: 30 / 26 °CWind: 6 km/h <U+2191> from East", "84%", "Madras / Minambakkam", "5 km", "1010 mbar", "25 °C"
2021-11-21 21:01:01, "27 °C", "Fog.", "Feels Like: 31 °CForecast: 30 / 26 °CWind: No wind", "94%", "Forecast: 30 / 26 °C", "Feels Like: 31 °CForecast: 30 / 26 °CWind: No wind", "94%", "Madras / Minambakkam", "5 km", "1010 mbar", "26 °C"
2021-11-21 22:01:02, "27 °C", "Fog.", "Feels Like: 31 °CForecast: 30 / 26 °CWind: No wind", "94%", "Forecast: 30 / 26 °C", "Feels Like: 31 °CForecast: 30 / 26 °CWind: No wind", "94%", "Madras / Minambakkam", "5 km", "1010 mbar", "26 °C"
2021-11-21 23:01:02, "27 °C", "Fog.", "Feels Like: 31 °CForecast: 29 / 26 °CWind: No wind", "94%", "Forecast: 29 / 26 °C", "Feels Like: 31 °CForecast: 29 / 26 °CWind: No wind", "94%", "Madras / Minambakkam", "5 km", "1011 mbar", "26 °C"
2021-11-22 00:01:02, "27 °C", "Fog.", "Feels Like: 31 °CForecast: 29 / 26 °CWind: No wind", "94%", "Forecast: 29 / 26 °C", "Feels Like: 31 °CForecast: 29 / 26 °CWind: No wind", "94%", "Madras / Minambakkam", "5 km", "1010 mbar", "26 °C"
2021-11-22 01:01:02, "27 °C", "Fog.", "Feels Like: 31 °CForecast: 29 / 26 °CWind: No wind", "94%", "Forecast: 29 / 26 °C", "Feels Like: 31 °CForecast: 29 / 26 °CWind: No wind", "94%", "Madras / Minambakkam", "4 km", "1010 mbar", "26 °C"
2021-11-22 02:01:02, "27 °C", "Fog.", "Feels Like: 31 °CForecast: 29 / 26 °CWind: No wind", "94%", "Forecast: 29 / 26 °C", "Feels Like: 31 °CForecast: 29 / 26 °CWind: No wind", "94%", "Madras / Minambakkam", "3 km", "1010 mbar", "26 °C"
2021-11-22 09:27:20, "26 °C", "Drizzle. Fog.", "Feels Like: 28 °CForecast: 30 / 27 °CWind: No wind", "94%", "Forecast: 30 / 27 °C", "Feels Like: 28 °CForecast: 30 / 27 °CWind: No wind", "94%", "Madras / Minambakkam", "2 km", "1012 mbar", "25 °C"
2021-11-22 10:01:03, "26 °C", "Thunderstorms. Broken clouds.", "Feels Like: 28 °CForecast: 30 / 27 °CWind: 7 km/h <U+2191> from Northeast", "94%", "Forecast: 30 / 27 °C", "Feels Like: 28 °CForecast: 30 / 27 °CWind: 7 km/h <U+2191> from Northeast", "94%", "Madras / Minambakkam", "2 km", "1012 mbar", "25 °C"
2021-11-22 11:01:01, "28 °C", "Fog.", "Feels Like: 34 °CForecast: 31 / 27 °CWind: 15 km/h <U+2191> from Northeast", "89%", "Forecast: 31 / 27 °C", "Feels Like: 34 °CForecast: 31 / 27 °CWind: 15 km/h <U+2191> from Northeast", "89%", "Madras / Minambakkam", "2 km", "1012 mbar", "26 °C"
2021-11-22 12:01:02, "30 °C", "Fog.", "Feels Like: 36 °CForecast: 31 / 27 °CWind: 9 km/h <U+2191> from Northeast", "75%", "Forecast: 31 / 27 °C", "Feels Like: 36 °CForecast: 31 / 27 °CWind: 9 km/h <U+2191> from Northeast", "75%", "Madras / Minambakkam", "5 km", "1011 mbar", "25 °C"
2021-11-22 13:01:01, "30 °C", "Fog.", "Feels Like: 37 °CForecast: 31 / 27 °CWind: 9 km/h <U+2191> from Northeast", "79%", "Forecast: 31 / 27 °C", "Feels Like: 37 °CForecast: 31 / 27 °CWind: 9 km/h <U+2191> from Northeast", "79%", "Madras / Minambakkam", "5 km", "1010 mbar", "26 °C"
2021-11-22 14:01:04, "30 °C", "Fog.", "Feels Like: 36 °CForecast: 31 / 27 °CWind: 17 km/h <U+2191> from Northeast", "75%", "Forecast: 31 / 27 °C", "Feels Like: 36 °CForecast: 31 / 27 °CWind: 17 km/h <U+2191> from Northeast", "75%", "Madras / Minambakkam", "5 km", "1009 mbar", "25 °C"
2021-11-22 15:01:03, "30 °C", "Broken clouds.", "Feels Like: 35 °CForecast: 31 / 27 °CWind: 13 km/h <U+2191> from Northeast", "70%", "Forecast: 31 / 27 °C", "Feels Like: 35 °CForecast: 31 / 27 °CWind: 13 km/h <U+2191> from Northeast", "70%", "Madras / Minambakkam", "5 km", "1008 mbar", "24 °C"
2021-11-22 16:01:02, "31 °C", "Broken clouds.", "Feels Like: 38 °CForecast: 31 / 27 °CWind: 9 km/h <U+2191> from Northeast", "70%", "Forecast: 31 / 27 °C", "Feels Like: 38 °CForecast: 31 / 27 °CWind: 9 km/h <U+2191> from Northeast", "70%", "Madras / Minambakkam", "6 km", "1007 mbar", "25 °C"
2021-11-22 17:01:02, "29 °C", "Scattered clouds.", "Feels Like: 34 °CForecast: 30 / 27 °CWind: 17 km/h <U+2191> from Northeast", "74%", "Forecast: 30 / 27 °C", "Feels Like: 34 °CForecast: 30 / 27 °CWind: 17 km/h <U+2191> from Northeast", "74%", "Madras / Minambakkam", "6 km", "1007 mbar", "24 °C"
2021-11-22 18:01:01, "29 °C", "Fog.", "Feels Like: 35 °CForecast: 30 / 27 °CWind: 15 km/h <U+2191> from Northeast", "79%", "Forecast: 30 / 27 °C", "Feels Like: 35 °CForecast: 30 / 27 °CWind: 15 km/h <U+2191> from Northeast", "79%", "Madras / Minambakkam", "5 km", "1008 mbar", "25 °C"
2021-11-22 19:01:01, "28 °C", "Fog.", "Feels Like: 33 °CForecast: 30 / 27 °CWind: 11 km/h <U+2191> from Northeast", "84%", "Forecast: 30 / 27 °C", "Feels Like: 33 °CForecast: 30 / 27 °CWind: 11 km/h <U+2191> from Northeast", "84%", "Madras / Minambakkam", "5 km", "1009 mbar", "25 °C"
2021-11-22 20:01:01, "28 °C", "Fog.", "Feels Like: 33 °CForecast: 30 / 27 °CWind: 9 km/h <U+2191> from Northeast", "84%", "Forecast: 30 / 27 °C", "Feels Like: 33 °CForecast: 30 / 27 °CWind: 9 km/h <U+2191> from Northeast", "84%", "Madras / Minambakkam", "5 km", "1010 mbar", "25 °C"
2021-11-22 21:01:01, "28 °C", "Fog.", "Feels Like: 33 °CForecast: 30 / 27 °CWind: 6 km/h <U+2191> from Northeast", "84%", "Forecast: 30 / 27 °C", "Feels Like: 33 °CForecast: 30 / 27 °CWind: 6 km/h <U+2191> from Northeast", "84%", "Madras / Minambakkam", "5 km", "1011 mbar", "25 °C"
2021-11-23 09:34:54, "29 °C", "Fog.", "Feels Like: 37 °CForecast: 30 / 27 °CWind: 7 km/h <U+2191> from Northeast", "89%", "Forecast: 30 / 27 °C", "Feels Like: 37 °CForecast: 30 / 27 °CWind: 7 km/h <U+2191> from Northeast", "89%", "Madras / Minambakkam", "5 km", "1011 mbar", "27 °C"
2021-11-23 10:01:03, "30 °C", "Fog.", "Feels Like: 37 °CForecast: 30 / 27 °CWind: 15 km/h <U+2191> from Northeast", "79%", "Forecast: 30 / 27 °C", "Feels Like: 37 °CForecast: 30 / 27 °CWind: 15 km/h <U+2191> from Northeast", "79%", "Madras / Minambakkam", "5 km", "1011 mbar", "26 °C"
2021-11-23 11:01:01, "31 °C", "Scattered clouds.", "Feels Like: 37 °CForecast: 30 / 27 °CWind: 9 km/h <U+2191> from Northeast", "66%", "Forecast: 30 / 27 °C", "Feels Like: 37 °CForecast: 30 / 27 °CWind: 9 km/h <U+2191> from Northeast", "66%", "Madras / Minambakkam", "6 km", "1011 mbar", "24 °C"
2021-11-23 12:01:01, "32 °C", "Scattered clouds.", "Feels Like: 39 °CForecast: 30 / 27 °CWind: 15 km/h <U+2191> from East", "67%", "Forecast: 30 / 27 °C", "Feels Like: 39 °CForecast: 30 / 27 °CWind: 15 km/h <U+2191> from East", "67%", "Madras / Minambakkam", "6 km", "1010 mbar", "25 °C"
2021-11-23 13:01:02, "32 °C", "Scattered clouds.", "Feels Like: 39 °CForecast: 30 / 27 °CWind: 15 km/h <U+2191> from East", "67%", "Forecast: 30 / 27 °C", "Feels Like: 39 °CForecast: 30 / 27 °CWind: 15 km/h <U+2191> from East", "67%", "Madras / Minambakkam", "6 km", "1010 mbar", "25 °C"
2021-11-23 14:01:06, "32 °C", "Scattered clouds.", "Feels Like: 38 °CForecast: 30 / 27 °CWind: 19 km/h <U+2191> from East", "63%", "Forecast: 30 / 27 °C", "Feels Like: 38 °CForecast: 30 / 27 °CWind: 19 km/h <U+2191> from East", "63%", "Madras / Minambakkam", "6 km", "1008 mbar", "24 °C"
2021-11-23 15:01:07, "32 °C", "Scattered clouds.", "Feels Like: 38 °CForecast: 30 / 27 °CWind: 19 km/h <U+2191> from East", "63%", "Forecast: 30 / 27 °C", "Feels Like: 38 °CForecast: 30 / 27 °CWind: 19 km/h <U+2191> from East", "63%", "Madras / Minambakkam", "6 km", "1007 mbar", "24 °C"
2021-11-23 20:01:02, "28 °C", "Passing clouds.", "Feels Like: 33 °CForecast: 31 / 27 °CWind: 7 km/h <U+2191> from Northeast", "84%", "Forecast: 31 / 27 °C", "Feels Like: 33 °CForecast: 31 / 27 °CWind: 7 km/h <U+2191> from Northeast", "84%", "Madras / Minambakkam", "6 km", "1009 mbar", "25 °C"
2021-11-23 21:01:05, "28 °C", "Passing clouds.", "Feels Like: 33 °CForecast: 31 / 27 °CWind: 6 km/h <U+2191> from Northeast", "84%", "Forecast: 31 / 27 °C", "Feels Like: 33 °CForecast: 31 / 27 °CWind: 6 km/h <U+2191> from Northeast", "84%", "Madras / Minambakkam", "6 km", "1011 mbar", "25 °C"
2021-11-23 22:01:04, "27 °C", "Passing clouds.", "Feels Like: 31 °CForecast: 31 / 27 °CWind: 4 km/h <U+2191> from North", "89%", "Forecast: 31 / 27 °C", "Feels Like: 31 °CForecast: 31 / 27 °CWind: 4 km/h <U+2191> from North", "89%", "Madras / Minambakkam", "6 km", "1011 mbar", "25 °C"
2021-11-24 08:27:22, "27 °C", "Fog.", "Feels Like: 31 °CForecast: 30 / 27 °CWind: 4 km/h <U+2191> from North", "94%", "Forecast: 30 / 27 °C", "Feels Like: 31 °CForecast: 30 / 27 °CWind: 4 km/h <U+2191> from North", "94%", "Madras / Minambakkam", "3 km", "1011 mbar", "26 °C"
2021-11-24 09:01:01, "29 °C", "Fog.", "Feels Like: 36 °CForecast: 30 / 27 °CWind: 4 km/h <U+2191> from North", "84%", "Forecast: 30 / 27 °C", "Feels Like: 36 °CForecast: 30 / 27 °CWind: 4 km/h <U+2191> from North", "84%", "Madras / Minambakkam", "3 km", "1011 mbar", "26 °C"
2021-11-24 10:01:04, "30 °C", "Fog.", "Feels Like: 37 °CForecast: 30 / 27 °CWind: 13 km/h <U+2191> from Northeast", "79%", "Forecast: 30 / 27 °C", "Feels Like: 37 °CForecast: 30 / 27 °CWind: 13 km/h <U+2191> from Northeast", "79%", "Madras / Minambakkam", "5 km", "1011 mbar", "26 °C"
2021-11-24 14:01:01, "32 °C", "Scattered clouds.", "Feels Like: 38 °CForecast: 30 / 27 °CWind: 20 km/h <U+2191> from East", "63%", "Forecast: 30 / 27 °C", "Feels Like: 38 °CForecast: 30 / 27 °CWind: 20 km/h <U+2191> from East", "63%", "Madras / Minambakkam", "6 km", "1009 mbar", "24 °C"
2021-11-24 15:01:03, "31 °C", "Broken clouds.", "Feels Like: 37 °CForecast: 30 / 27 °CWind: 22 km/h <U+2191> from East", "66%", "Forecast: 30 / 27 °C", "Feels Like: 37 °CForecast: 30 / 27 °CWind: 22 km/h <U+2191> from East", "66%", "Madras / Minambakkam", "6 km", "1008 mbar", "24 °C"
2021-11-24 16:01:01, "31 °C", "Broken clouds.", "Feels Like: 37 °CForecast: 30 / 27 °CWind: 20 km/h <U+2191> from Northeast", "66%", "Forecast: 30 / 27 °C", "Feels Like: 37 °CForecast: 30 / 27 °CWind: 20 km/h <U+2191> from Northeast", "66%", "Madras / Minambakkam", "6 km", "1008 mbar", "24 °C"
2021-11-24 17:01:01, "30 °C", "Broken clouds.", "Feels Like: 35 °CForecast: 30 / 28 °CWind: 19 km/h <U+2191> from East", "70%", "Forecast: 30 / 28 °C", "Feels Like: 35 °CForecast: 30 / 28 °CWind: 19 km/h <U+2191> from East", "70%", "Madras / Minambakkam", "6 km", "1008 mbar", "24 °C"
2021-11-24 18:01:01, "29 °C", "Broken clouds.", "Feels Like: 34 °CForecast: 30 / 28 °CWind: 15 km/h <U+2191> from East", "74%", "Forecast: 30 / 28 °C", "Feels Like: 34 °CForecast: 30 / 28 °CWind: 15 km/h <U+2191> from East", "74%", "Madras / Minambakkam", "5 km", "1009 mbar", "24 °C"
2021-11-24 20:01:02, "28 °C", "Fog.", "Feels Like: 33 °CForecast: 30 / 28 °CWind: 7 km/h <U+2191> from Northeast", "84%", "Forecast: 30 / 28 °C", "Feels Like: 33 °CForecast: 30 / 28 °CWind: 7 km/h <U+2191> from Northeast", "84%", "Madras / Minambakkam", "5 km", "1010 mbar", "25 °C"
2021-11-24 21:01:01, "28 °C", "Fog.", "Feels Like: 33 °CForecast: 30 / 28 °CWind: 6 km/h <U+2191> from Northeast", "84%", "Forecast: 30 / 28 °C", "Feels Like: 33 °CForecast: 30 / 28 °CWind: 6 km/h <U+2191> from Northeast", "84%", "Madras / Minambakkam", "5 km", "1011 mbar", "25 °C"
2021-11-24 22:01:01, "28 °C", "Fog.", "Feels Like: 33 °CForecast: 30 / 28 °CWind: 4 km/h <U+2191> from North", "84%", "Forecast: 30 / 28 °C", "Feels Like: 33 °CForecast: 30 / 28 °CWind: 4 km/h <U+2191> from North", "84%", "Madras / Minambakkam", "5 km", "1011 mbar", "25 °C"
2021-11-25 08:03:04, "26 °C", "Rain. More clouds than sun.", "Feels Like: 28 °CForecast: 29 / 27 °CWind: 4 km/h <U+2191> from North", "100%", "Forecast: 29 / 27 °C", "Feels Like: 28 °CForecast: 29 / 27 °CWind: 4 km/h <U+2191> from North", "100%", "Madras / Minambakkam", "2 km", "1010 mbar", "26 °C"
2021-11-25 09:01:04, "28 °C", "Drizzle. Broken clouds.", "Feels Like: 35 °CForecast: 29 / 27 °CWind: 15 km/h <U+2191> from Northeast", "94%", "Forecast: 29 / 27 °C", "Feels Like: 35 °CForecast: 29 / 27 °CWind: 15 km/h <U+2191> from Northeast", "94%", "Madras / Minambakkam", "2 km", "1011 mbar", "27 °C"
2021-11-25 10:01:02, "28 °C", "Fog.", "Feels Like: 34 °CForecast: 29 / 27 °CWind: 11 km/h <U+2191> from Northeast", "89%", "Forecast: 29 / 27 °C", "Feels Like: 34 °CForecast: 29 / 27 °CWind: 11 km/h <U+2191> from Northeast", "89%", "Madras / Minambakkam", "2 km", "1012 mbar", "26 °C"
2021-11-25 11:01:01, "31 °C", "Scattered clouds.", "Feels Like: 38 °CForecast: 29 / 27 °CWind: 22 km/h <U+2191> from Northeast", "70%", "Forecast: 29 / 27 °C", "Feels Like: 38 °CForecast: 29 / 27 °CWind: 22 km/h <U+2191> from Northeast", "70%", "Madras / Minambakkam", "5 km", "1011 mbar", "25 °C"
2021-11-25 12:01:02, "31 °C", "Scattered clouds.", "Feels Like: 38 °CForecast: 29 / 27 °CWind: 24 km/h <U+2191> from Northeast", "70%", "Forecast: 29 / 27 °C", "Feels Like: 38 °CForecast: 29 / 27 °CWind: 24 km/h <U+2191> from Northeast", "70%", "Madras / Minambakkam", "5 km", "1010 mbar", "25 °C"
2021-11-25 13:01:01, "28 °C", "Rain. Broken clouds.", "Feels Like: 33 °CForecast: 29 / 27 °CWind: 22 km/h <U+2191> from East", "84%", "Forecast: 29 / 27 °C", "Feels Like: 33 °CForecast: 29 / 27 °CWind: 22 km/h <U+2191> from East", "84%", "Madras / Minambakkam", "2 km", "1009 mbar", "25 °C"
2021-11-25 14:01:02, "29 °C", "Drizzle. Broken clouds.", "Feels Like: 36 °CForecast: 29 / 27 °CWind: 19 km/h <U+2191> from Northeast", "84%", "Forecast: 29 / 27 °C", "Feels Like: 36 °CForecast: 29 / 27 °CWind: 19 km/h <U+2191> from Northeast", "84%", "Madras / Minambakkam", "2 km", "1008 mbar", "26 °C"
2021-11-25 15:01:06, "30 °C", "Drizzle. Broken clouds.", "Feels Like: 37 °CForecast: 29 / 27 °CWind: 19 km/h <U+2191> from Northeast", "79%", "Forecast: 29 / 27 °C", "Feels Like: 37 °CForecast: 29 / 27 °CWind: 19 km/h <U+2191> from Northeast", "79%", "Madras / Minambakkam", "3 km", "1007 mbar", "26 °C"
2021-11-25 16:01:06, "30 °C", "Fog.", "Feels Like: 36 °CForecast: 29 / 27 °CWind: 22 km/h <U+2191> from Northeast", "75%", "Forecast: 29 / 27 °C", "Feels Like: 36 °CForecast: 29 / 27 °CWind: 22 km/h <U+2191> from Northeast", "75%", "Madras / Minambakkam", "3 km", "1007 mbar", "25 °C"
2021-11-25 17:01:02, "30 °C", "Fog.", "Feels Like: 36 °CForecast: 29 / 27 °CWind: 19 km/h <U+2191> from Northeast", "75%", "Forecast: 29 / 27 °C", "Feels Like: 36 °CForecast: 29 / 27 °CWind: 19 km/h <U+2191> from Northeast", "75%", "Madras / Minambakkam", "3 km", "1007 mbar", "25 °C"
2021-11-25 19:01:55, "29 °C", "Fog.", "Feels Like: 35 °CForecast: 29 / 27 °CWind: 11 km/h <U+2191> from Northeast", "79%", "Forecast: 29 / 27 °C", "Feels Like: 35 °CForecast: 29 / 27 °CWind: 11 km/h <U+2191> from Northeast", "79%", "Madras / Minambakkam", "4 km", "1009 mbar", "25 °C"
2021-11-25 20:01:07, "27 °C", "Drizzle. Fog.", "Feels Like: 31 °CForecast: 29 / 27 °CWind: No wind", "89%", "Forecast: 29 / 27 °C", "Feels Like: 31 °CForecast: 29 / 27 °CWind: No wind", "89%", "Madras / Minambakkam", "4 km", "1010 mbar", "25 °C"
2021-11-25 21:01:02, "28 °C", "Drizzle. Fog.", "Feels Like: 34 °CForecast: 29 / 27 °CWind: 11 km/h <U+2191> from Northeast", "89%", "Forecast: 29 / 27 °C", "Feels Like: 34 °CForecast: 29 / 27 °CWind: 11 km/h <U+2191> from Northeast", "89%", "Madras / Minambakkam", "4 km", "1011 mbar", "26 °C"
2021-11-25 22:01:02, "27 °C", "Thunderstorms. Partly cloudy.", "Feels Like: 31 °CForecast: 29 / 27 °CWind: 9 km/h <U+2191> from Southeast", "94%", "Forecast: 29 / 27 °C", "Feels Like: 31 °CForecast: 29 / 27 °CWind: 9 km/h <U+2191> from Southeast", "94%", "Madras / Minambakkam", "3 km", "1012 mbar", "26 °C"
2021-11-26 08:34:34, "27 °C", "Light rain. Broken clouds.", "Feels Like: 31 °CForecast: 27 / 26 °CWind: 7 km/h <U+2191> from Northeast", "94%", "Forecast: 27 / 26 °C", "Feels Like: 31 °CForecast: 27 / 26 °CWind: 7 km/h <U+2191> from Northeast", "94%", "Madras / Minambakkam", "2 km", "1010 mbar", "26 °C"
2021-11-26 09:01:03, "27 °C", "Rain. Broken clouds.", "Feels Like: 31 °CForecast: 27 / 26 °CWind: 11 km/h <U+2191> from Northeast", "94%", "Forecast: 27 / 26 °C", "Feels Like: 31 °CForecast: 27 / 26 °CWind: 11 km/h <U+2191> from Northeast", "94%", "Madras / Minambakkam", "2 km", "1011 mbar", "26 °C"
2021-11-26 10:01:04, "27 °C", "Thunderstorms. Broken clouds.", "Feels Like: 31 °CForecast: 27 / 26 °CWind: 7 km/h <U+2191> from Northeast", "94%", "Forecast: 27 / 26 °C", "Feels Like: 31 °CForecast: 27 / 26 °CWind: 7 km/h <U+2191> from Northeast", "94%", "Madras / Minambakkam", "2 km", "1012 mbar", "26 °C"
2021-11-26 11:01:02, "27 °C", "Fog.", "Feels Like: 31 °CForecast: 27 / 26 °CWind: 4 km/h <U+2191> from North", "94%", "Forecast: 27 / 26 °C", "Feels Like: 31 °CForecast: 27 / 26 °CWind: 4 km/h <U+2191> from North", "94%", "Madras / Minambakkam", "2 km", "1012 mbar", "26 °C"
2021-11-26 12:01:02, "28 °C", "Fog.", "Feels Like: 34 °CForecast: 27 / 26 °CWind: 9 km/h <U+2191> from Northeast", "89%", "Forecast: 27 / 26 °C", "Feels Like: 34 °CForecast: 27 / 26 °CWind: 9 km/h <U+2191> from Northeast", "89%", "Madras / Minambakkam", "3 km", "1010 mbar", "26 °C"
2021-11-26 13:01:02, "28 °C", "Fog.", "Feels Like: 34 °CForecast: 27 / 26 °CWind: 9 km/h <U+2191> from Northeast", "89%", "Forecast: 27 / 26 °C", "Feels Like: 34 °CForecast: 27 / 26 °CWind: 9 km/h <U+2191> from Northeast", "89%", "Madras / Minambakkam", "4 km", "1010 mbar", "26 °C"
2021-11-26 14:01:02, "28 °C", "Thunderstorms. Broken clouds.", "Feels Like: 34 °CForecast: 27 / 26 °CWind: 15 km/h <U+2191> from Northeast", "89%", "Forecast: 27 / 26 °C", "Feels Like: 34 °CForecast: 27 / 26 °CWind: 15 km/h <U+2191> from Northeast", "89%", "Madras / Minambakkam", "2 km", "1009 mbar", "26 °C"
2021-11-26 15:01:03, "26 °C", "Thunderstorms. More clouds than sun.", "Feels Like: 28 °CForecast: 27 / 26 °CWind: 19 km/h <U+2191> from East", "94%", "Forecast: 27 / 26 °C", "Feels Like: 28 °CForecast: 27 / 26 °CWind: 19 km/h <U+2191> from East", "94%", "Madras / Minambakkam", "2 km", "1008 mbar", "25 °C"
2021-11-26 16:01:05, "26 °C", "Thunderstorms. More clouds than sun.", "Feels Like: 28 °CForecast: 27 / 26 °CWind: 6 km/h <U+2191> from Northeast", "100%", "Forecast: 27 / 26 °C", "Feels Like: 28 °CForecast: 27 / 26 °CWind: 6 km/h <U+2191> from Northeast", "100%", "Madras / Minambakkam", "2 km", "1008 mbar", "26 °C"
2021-11-26 17:01:15, "26 °C", "Thunderstorms. More clouds than sun.", "Feels Like: 28 °CForecast: 28 / 26 °CWind: 13 km/h <U+2191> from Northeast", "94%", "Forecast: 28 / 26 °C", "Feels Like: 28 °CForecast: 28 / 26 °CWind: 13 km/h <U+2191> from Northeast", "94%", "Madras / Minambakkam", "2 km", "1008 mbar", "25 °C"
2021-11-26 18:01:02, "27 °C", "Drizzle. More clouds than sun.", "Feels Like: 31 °CForecast: 28 / 26 °CWind: 6 km/h <U+2191> from Northeast", "94%", "Forecast: 28 / 26 °C", "Feels Like: 31 °CForecast: 28 / 26 °CWind: 6 km/h <U+2191> from Northeast", "94%", "Madras / Minambakkam", "3 km", "1008 mbar", "26 °C"
2021-11-26 19:01:02, "26 °C", "Fog.", "Feels Like: 28 °CForecast: 28 / 26 °CWind: 7 km/h <U+2191> from Northeast", "100%", "Forecast: 28 / 26 °C", "Feels Like: 28 °CForecast: 28 / 26 °CWind: 7 km/h <U+2191> from Northeast", "100%", "Madras / Minambakkam", "3 km", "1009 mbar", "26 °C"
2021-11-26 20:01:02, "26 °C", "Light rain. Partly cloudy.", "Feels Like: 28 °CForecast: 28 / 26 °CWind: 15 km/h <U+2191> from Northeast", "100%", "Forecast: 28 / 26 °C", "Feels Like: 28 °CForecast: 28 / 26 °CWind: 15 km/h <U+2191> from Northeast", "100%", "Madras / Minambakkam", "2 km", "1010 mbar", "26 °C"
2021-11-26 21:01:02, "26 °C", "Partly cloudy.", "Feels Like: 28 °CForecast: 28 / 26 °CWind: 11 km/h <U+2191> from Northeast", "100%", "Forecast: 28 / 26 °C", "Feels Like: 28 °CForecast: 28 / 26 °CWind: 11 km/h <U+2191> from Northeast", "100%", "Madras / Minambakkam", "2 km", "1011 mbar", "26 °C"
2021-11-27 08:39:09, "24 °C", "Light rain. More clouds than sun.", "Feels Like: 23 °CForecast: 29 / 26 °CWind: 6 km/h <U+2191> from Northeast", "100%", "Forecast: 29 / 26 °C", "Feels Like: 23 °CForecast: 29 / 26 °CWind: 6 km/h <U+2191> from Northeast", "100%", "Madras / Minambakkam", "2 km", "1012 mbar", "24 °C"
2021-11-27 09:01:03, "24 °C", "Rain. More clouds than sun.", "Feels Like: 23 °CForecast: 29 / 26 °CWind: 6 km/h <U+2191> from Northeast", "100%", "Forecast: 29 / 26 °C", "Feels Like: 23 °CForecast: 29 / 26 °CWind: 6 km/h <U+2191> from Northeast", "100%", "Madras / Minambakkam", "2 km", "1012 mbar", "24 °C"
2021-11-27 10:01:01, "25 °C", "Thunderstorms. More clouds than sun.", "Feels Like: 25 °CForecast: 29 / 26 °CWind: 9 km/h <U+2191> from Northeast", "100%", "Forecast: 29 / 26 °C", "Feels Like: 25 °CForecast: 29 / 26 °CWind: 9 km/h <U+2191> from Northeast", "100%", "Madras / Minambakkam", "2 km", "1011 mbar", "25 °C"
2021-11-27 11:01:02, "26 °C", "Fog.", "Feels Like: 28 °CForecast: 29 / 27 °CWind: 9 km/h <U+2191> from Northeast", "100%", "Forecast: 29 / 27 °C", "Feels Like: 28 °CForecast: 29 / 27 °CWind: 9 km/h <U+2191> from Northeast", "100%", "Madras / Minambakkam", "2 km", "1011 mbar", "26 °C"
2021-11-27 12:01:02, "27 °C", "Drizzle. More clouds than sun.", "Feels Like: 31 °CForecast: 29 / 27 °CWind: 9 km/h <U+2191> from Northeast", "89%", "Forecast: 29 / 27 °C", "Feels Like: 31 °CForecast: 29 / 27 °CWind: 9 km/h <U+2191> from Northeast", "89%", "Madras / Minambakkam", "3 km", "1010 mbar", "25 °C"
2021-11-27 13:01:07, "28 °C", "Fog.", "Feels Like: 34 °CForecast: 29 / 27 °CWind: 15 km/h <U+2191> from Northeast", "89%", "Forecast: 29 / 27 °C", "Feels Like: 34 °CForecast: 29 / 27 °CWind: 15 km/h <U+2191> from Northeast", "89%", "Madras / Minambakkam", "4 km", "1009 mbar", "26 °C"
2021-11-27 14:01:02, "29 °C", "Fog.", "Feels Like: 36 °CForecast: 29 / 27 °CWind: 9 km/h <U+2191> from Northeast", "84%", "Forecast: 29 / 27 °C", "Feels Like: 36 °CForecast: 29 / 27 °CWind: 9 km/h <U+2191> from Northeast", "84%", "Madras / Minambakkam", "4 km", "1008 mbar", "26 °C"
2021-11-27 15:01:01, "29 °C", "Fog.", "Feels Like: 35 °CForecast: 29 / 27 °CWind: 19 km/h <U+2191> from East", "79%", "Forecast: 29 / 27 °C", "Feels Like: 35 °CForecast: 29 / 27 °CWind: 19 km/h <U+2191> from East", "79%", "Madras / Minambakkam", "5 km", "1007 mbar", "25 °C"
2021-11-27 18:02:19, "27 °C", "Drizzle. Broken clouds.", "Feels Like: 31 °CForecast: 29 / 27 °CWind: 4 km/h <U+2191> from North", "89%", "Forecast: 29 / 27 °C", "Feels Like: 31 °CForecast: 29 / 27 °CWind: 4 km/h <U+2191> from North", "89%", "Madras / Minambakkam", "4 km", "1009 mbar", "25 °C"
2021-11-27 19:01:09, "27 °C", "Light rain. Broken clouds.", "Feels Like: 31 °CForecast: 29 / 27 °CWind: 4 km/h <U+2191> from North", "94%", "Forecast: 29 / 27 °C", "Feels Like: 31 °CForecast: 29 / 27 °CWind: 4 km/h <U+2191> from North", "94%", "Madras / Minambakkam", "4 km", "1009 mbar", "26 °C"
2021-11-27 20:01:02, "26 °C", "Thunderstorms. Partly cloudy.", "Feels Like: 28 °CForecast: 29 / 27 °CWind: 4 km/h <U+2191> from North", "100%", "Forecast: 29 / 27 °C", "Feels Like: 28 °CForecast: 29 / 27 °CWind: 4 km/h <U+2191> from North", "100%", "Madras / Minambakkam", "4 km", "1011 mbar", "26 °C"
2021-11-27 21:01:03, "26 °C", "Thunderstorms. Partly cloudy.", "Feels Like: 28 °CForecast: 29 / 27 °CWind: No wind", "94%", "Forecast: 29 / 27 °C", "Feels Like: 28 °CForecast: 29 / 27 °CWind: No wind", "94%", "Madras / Minambakkam", "3 km", "1011 mbar", "25 °C"
2021-11-27 22:01:02, "26 °C", "Drizzle. Fog.", "Feels Like: 28 °CForecast: 29 / 27 °CWind: 4 km/h <U+2191> from North", "94%", "Forecast: 29 / 27 °C", "Feels Like: 28 °CForecast: 29 / 27 °CWind: 4 km/h <U+2191> from North", "94%", "Madras / Minambakkam", "3 km", "1011 mbar", "25 °C"
2021-11-28 09:06:10, "26 °C", "Drizzle. Fog.", "Feels Like: 28 °CForecast: 29 / 26 °CWind: 7 km/h <U+2191> from Northwest", "100%", "Forecast: 29 / 26 °C", "Feels Like: 28 °CForecast: 29 / 26 °CWind: 7 km/h <U+2191> from Northwest", "100%", "Madras / Minambakkam", "2 km", "1012 mbar", "26 °C"
2021-11-28 10:01:05, "28 °C", "Fog.", "Feels Like: 34 °CForecast: 29 / 26 °CWind: 11 km/h <U+2191> from East", "89%", "Forecast: 29 / 26 °C", "Feels Like: 34 °CForecast: 29 / 26 °CWind: 11 km/h <U+2191> from East", "89%", "Madras / Minambakkam", "5 km", "1012 mbar", "26 °C"
2021-11-28 11:01:02, "29 °C", "Fog.", "Feels Like: 36 °CForecast: 30 / 26 °CWind: 17 km/h <U+2191> from East", "84%", "Forecast: 30 / 26 °C", "Feels Like: 36 °CForecast: 30 / 26 °CWind: 17 km/h <U+2191> from East", "84%", "Madras / Minambakkam", "5 km", "1012 mbar", "26 °C"
2021-11-28 12:01:02, "29 °C", "Fog.", "Feels Like: 36 °CForecast: 30 / 26 °CWind: 19 km/h <U+2191> from Southeast", "84%", "Forecast: 30 / 26 °C", "Feels Like: 36 °CForecast: 30 / 26 °CWind: 19 km/h <U+2191> from Southeast", "84%", "Madras / Minambakkam", "5 km", "1011 mbar", "26 °C"
2021-11-28 13:01:04, "29 °C", "Fog.", "Feels Like: 36 °CForecast: 30 / 26 °CWind: 15 km/h <U+2191> from East", "84%", "Forecast: 30 / 26 °C", "Feels Like: 36 °CForecast: 30 / 26 °CWind: 15 km/h <U+2191> from East", "84%", "Madras / Minambakkam", "4 km", "1011 mbar", "26 °C"
